topic,rank,title,status,score,sources,high_trust,urls,label,comment
перовскитные солнечные элементы,1,Перовскитные солнечные элементы с высоким КПД (Perovskite Solar Cells),GENERATED,77.4,"github,openalex,semantic_scholar",True,https://github.com/najeha1263/PSC28-NJY-ResearchNote https://github.com/fudabao666/PSCs https://doi.org/10.1039/d3ee00841j,,
перовскитные солнечные элементы,2,Широкозонные перовскитные солнечные элементы FAPbBr3 (Wide Bandgap FAPbBr3 Perovskite Solar Cells),GENERATED,76.8,"arxiv,zenodo",True,https://zenodo.org/records/15490265 http://arxiv.org/abs/2605.07780v1,,
перовскитные солнечные элементы,3,Улучшенные перовскитные солнечные элементы с рекордной эффективностью (Perovskite Solar Cells),GENERATED,76.2,"arxiv,openalex,semantic_scholar",True,https://doi.org/10.1126/science.adk1633 http://arxiv.org/abs/2401.09584 https://www.semanticscholar.org/paper/5eabf47b0b09bc3c4baf18cff8521971932f04c4,,
перовскитные солнечные элементы,4,Перовскитные солнечные элементы (Perovskite Solar Cells),GENERATED,71.6,rospatent,True,https://searchplatform.rospatent.gov.ru/doc/US20230119125A1_20230420 https://searchplatform.rospatent.gov.ru/doc/US20240114764A1_20240404 https://searchplatform.rospatent.gov.ru/doc/US20240158658A1_20240516,,
интерфейсы мозг-компьютер,1,Вентрикулярный интерфейс мозг-компьютер (Ventricular Brain-Computer Interface),GENERATED,80.4,arxiv,True,http://arxiv.org/abs/2510.22262v1 http://arxiv.org/abs/2509.23520v2,,
интерфейсы мозг-компьютер,2,Неинвазивный интерфейс мозг-компьютер с экзоскелетом руки для реабилитации (Brain-Computer-Hand Exoskeleton),GENERATED,80.1,openalex,True,https://doi.org/10.31857/s0869813924080017 https://doi.org/10.24075/brsmu.2023.026 http://dx.doi.org/10.24075/vrgmu.2024.020,,
интерфейсы мозг-компьютер,3,Неинвазивный нейроключевой интерфейс (Non-Invasive Neural Keyword),GENERATED,80.0,arxiv,True,http://arxiv.org/abs/2609.03231v1 http://arxiv.org/abs/2510.21038v2,,
интерфейсы мозг-компьютер,4,Нейроинтерфейс с осциллятором для управления мышцами (Neurointerface with oscillator),GENERATED,74.5,openalex,True,https://doi.org/10.3389/fnins.2023.1113867,,
интерфейсы мозг-компьютер,5,Интерфейс мозг-компьютер для обнаружения намерений движения (motion intention brain-computer),GENERATED,72.0,"github,rospatent",True,https://searchplatform.rospatent.gov.ru/doc/CN116301308A_20230623 https://github.com/yusuf-wadi/FlowState,,
малые модульные ядерные реакторы,1,Ториевый подпороговый реактор с расплавленной солью (Thorium fueled molten salt micro modular subcritical reactor),GENERATED,83.0,"arxiv,openalex",True,http://arxiv.org/abs/2401.12056v3 http://arxiv.org/abs/2512.10705 https://doi.org/10.18321/cpc23(1)9-23,,
малые модульные ядерные реакторы,2,Когенерация на малом модульном ядерном реакторе для дата-центров (Modular Reactor Cogeneration),GENERATED,75.8,"arxiv,semantic_scholar,zenodo",True,https://zenodo.org/records/20923735 https://www.semanticscholar.org/paper/a347fae53abd727b7b8983ceecf57c62a274602d http://arxiv.org/abs/2608.10999v1,,
малые модульные ядерные реакторы,3,Пассивные системы безопасности для малых модульных ядерных реакторов (SMRs),GENERATED,75.6,"arxiv,github,openalex",True,https://doi.org/10.1016/j.net.2025.103697 https://github.com/Alessandro-Bassini/Modelling-and-Simulation-of-Passive-Emergency-Heat-Removal-System-for-SMRs http://arxiv.org/abs/2606.19296v2,,
малые модульные ядерные реакторы,4,Искусственный интеллект для оптимизации твердополимерной электролизной ячейки в малых модульных реакторах (SMRs),GENERATED,74.9,semantic_scholar,True,https://www.semanticscholar.org/paper/8dc7a79465de260d440b4e12b6a36a272a9d390e,,
малые модульные ядерные реакторы,5,Малые модульные ядерные реакторы и управление отходами (SMRs),GENERATED,70.3,openalex,True,https://doi.org/10.1016/j.net.2024.01.046,,
малые модульные ядерные реакторы,6,Машинное обучение для оптимизации материалов защиты нейтронов в малых модульных реакторах (SMR),GENERATED,68.6,"arxiv,github",True,https://github.com/cesonmz/Neutron-Shielding-Materials-Optimization http://arxiv.org/abs/2411.03389v3,,
биопечать тканей и органов,1,Гибридная биопечать для регенерации пальцев (Hybrid Bioprinting Framework),GENERATED,82.4,zenodo,False,https://zenodo.org/records/18658344,,
биопечать тканей и органов,2,Биопечать гидрогеля из деклеточного матрикса свиной матки (alginate-decellularized uterine ECM),GENERATED,80.3,arxiv,True,http://arxiv.org/abs/2506.15857v2,,
биопечать тканей и органов,3,Роботизированная биопечать тканей с автоматическим контролем толщины (Robotic Bioprinting Framework),GENERATED,78.2,"arxiv,openalex",True,https://arxiv.org/abs/2609.12159 https://arxiv.org/abs/2609.12206 http://arxiv.org/abs/2509.06690v2,,
биопечать тканей и органов,4,Биопечать сосудистых тканей органного масштаба (Vascularize Murine Organ-Scale),GENERATED,75.8,"semantic_scholar,zenodo",True,https://www.semanticscholar.org/paper/7bd169df2aba0b9a6a5a5dadc474f06a9f77f55a https://zenodo.org/records/21566966,,
биопечать тканей и органов,5,3D-биопечать функциональных человеческих нервных тканей (3D bioprinting of human neural tissues),GENERATED,75.6,openalex,True,https://doi.org/10.1016/j.stem.2023.12.009,,
биопечать тканей и органов,6,Биопечать органоидов: создание функциональных тканей (Organoid bioprinting),GENERATED,71.2,"openalex,semantic_scholar",True,https://doi.org/10.1038/s44222-024-00268-0 https://doi.org/10.1016/j.ijbiomac.2023.123476 https://www.semanticscholar.org/paper/95f11ee3c323b936ee2ebe0d7fd57628766c0a7a,,
улавливание и хранение углерода,1,Конвекция CO₂ и растворение под действием плотности в геологических формациях (buoyancy-driven porous mixing),GENERATED,84.2,arxiv,True,http://arxiv.org/abs/2603.25457v1 http://arxiv.org/abs/2604.07743v2 http://arxiv.org/abs/2602.03497v1,,
улавливание и хранение углерода,2,Прямой захват углекислого газа из воздуха (DAC) с использованием заряженных сорбентов,GENERATED,80.8,"arxiv,openalex",True,https://doi.org/10.1016/j.pecs.2022.101069 http://arxiv.org/abs/2510.20135v1 https://doi.org/10.1038/s41586-024-07449-2,,
метаматериалы и метаповерхности,1,Диффракционные оптические элементы на диэлектрических метаповерхностях (Dielectric metasurfaces),GENERATED,81.4,openalex,True,https://doi.org/10.3788/pi.2023.r09 https://doi.org/10.1038/s41467-024-46537-9,,
метаматериалы и метаповерхности,2,Ультраширокополосные поглощающие метаматериалы (Ultrabroadband Metamaterial Absorbers),GENERATED,78.0,"arxiv,openalex",True,http://arxiv.org/abs/2411.00077v1 https://doi.org/10.1038/s41467-024-49762-4 http://arxiv.org/abs/2310.14638,,
метаматериалы и метаповерхности,3,Управляемые тепловыделяющие метаповерхности (thermal metasurfaces),GENERATED,77.6,openalex,True,http://arxiv.org/abs/2301.12301 http://arxiv.org/abs/2401.10001,,
метаматериалы и метаповерхности,4,Вычислительные диэлектрические метаповерхности и динамически управляемые метаматериалы (Computational Dielectric Metasurfaces),GENERATED,76.0,openalex,True,http://dx.doi.org/10.17725/rensit.2023.16.011 http://doi.org/10.34077/isp.2023-kvant-11,,
метаматериалы и метаповерхности,5,Пористые метаматериалы с отрицательным коэффициентом Пуассона (Negative-Poisson-Ratio Porous Metamaterials),GENERATED,75.8,openalex,True,https://doi.org/10.1038/s41467-024-44707-3 http://arxiv.org/abs/2306.02916,,
метаматериалы и метаповерхности,6,Метаматериалы с близким к нулю показателем преломления (epsilon-near-zero),GENERATED,75.6,openalex,True,http://arxiv.org/abs/2306.01314 http://arxiv.org/abs/2305.06731,,
метаматериалы и метаповерхности,7,Хиральные метаматериалы на основе спиральных элементов (Chiral Metamaterial),GENERATED,75.5,openalex,True,https://doi.org/10.31772/2712-8970-2023-24-2-234-246,,
метаматериалы и метаповерхности,8,Толстые оригами-метаматериалы с самоблокировкой (thick-panel origami metamaterials),GENERATED,75.5,openalex,True,https://doi.org/10.1038/s41467-023-37343-w http://arxiv.org/abs/2305.19856 https://doi.org/10.17816/0321-4443-641780,,
метаматериалы и метаповерхности,9,Метаматериалы и метаповерхности для поглощения энергии и сканирования лучей (metamaterials and metasurfaces),GENERATED,75.4,"openalex,rospatent",True,https://doi.org/10.1088/2515-7647/ad1a3b https://doi.org/10.1016/j.jobe.2024.110050 https://searchplatform.rospatent.gov.ru/doc/GB0002616670A_20230920,,
метаматериалы и метаповерхности,10,Акустические метаматериалы с нулевым показателем преломления для антенн утечки волны (Acoustic Zero-Index Metamaterials for Leaky-Wave Antennas),GENERATED,75.2,arxiv,True,http://arxiv.org/abs/2603.21744v1 http://arxiv.org/abs/2410.20377v1,,
