prompt_version,status,error_code,calls,avg_ms,max_ms,avg_out_tokens
expand_v1,OK,,29,2567,4865,151
finalize_v1,OK,,18,15409,29715,1093
finalize_v1,PROVIDER_ERROR,PROVIDER_ERROR,12,30053,30319,
finalize_v1,RATE_LIMITED,PROVIDER_RATE_LIMITED,6,530,605,
insight_v1,OK,,945,9316,20668,684
insight_v1,PROVIDER_ERROR,PROVIDER_ERROR,2,6181,8356,
insight_v1,RATE_LIMITED,PROVIDER_RATE_LIMITED,5,542,595,
judge_v1,OK,,55,7160,16248,498
judge_v1,PROVIDER_ERROR,PROVIDER_ERROR,2,4008,4011,
judge_v2,OK,,168,10153,17513,694
(10 rows)
