id,split,label,label_kind,pred_code,stage_true,stage_pred,trend_true,trend_pred,confidence,reason_ru,title
bgrp-004279c730,dev_fold_4,0,OFF_TOPIC,N-OFF,,4,,2,1.0,"Документы посвящены переработке лигноцеллюлозного сырья и биоматериалов, но не касаются синтетической биологии.",agro-industrial lignocellulosic waste
bgrp-01f42163d4,dev_fold_2,0,OVERVIEW,N-OVR,,4,,2,1.0,"Кандидат представляет обзоры тенденций робототехники и цифровых двойников, а не конкретные технологии или продукты ранней стадии.",robotics Trends scopes
bgrp-0565456e5a,dev_fold_1,0,NOISE,N-NOI,,1,,1,1.0,"Документы представляют собой ссылки на GitHub-репозитории без подтверждений и подробностей реализации, что указывает на шум.",campuspay
bgrp-075a4beb53,dev_fold_0,0,NOISE,N-NOI,,1,,1,0.9,"Источники — только репозитории на GitHub с низким уровнем доверия, нет независимых верифицируемых материалов.",abhayra12 industrial-data-bridge
bgrp-075b16f855,holdout,0,OFF_TOPIC,N-OFF,,1,,2,1.0,"Документы касаются физики фонон-поляритонов и экситонных спинов в перовскитах, а не солнечных элементов.",Phonon-Polaritons in Lead-Halide
bgrp-0a974acb06,holdout,0,GENERIC_CONCEPT,N-GEN,,1,,3,1.0,"Кандидат охватывает широкий спектр исследований перовскитов для возобновляемой энергии, но не фокусируется конкретно на солнечных элементах.",perovskites for renewable
bgrp-0c499cc9a6,dev_fold_1,0,OFF_TOPIC,N-OFF,,1,,1,1.0,"Документы касаются правовых проблем использования ИИ, влияния на студентов и статуса ИИ-продуктов, а не ИИ-агентов для разработки ПО.",INTELLIGENCE IN RUSSIA
bgrp-0ca395a51f,dev_fold_4,0,OFF_TOPIC,N-OFF,,1,,2,1.0,"Документы касаются сегментации и защиты лидарных данных, но не твердотельных лидаров.",Scalable LiDAR Segmentation
bgrp-0d08786980,dev_fold_1,0,NOISE,R,,1,,2,1.0,"Кандидат соответствует всем критериям: конкретные AI-решения в финтехе, ранние стадии разработки, подтверждены научными публикациями, наблюдается рост интереса.",AI-Powered Chargeback Prediction
bgrp-0d4f496e6f,dev_fold_0,0,OFF_TOPIC,N-OFF,,1,,1,1.0,"Кандидат посвящён технологиям распознавания лиц, а не инфраструктуре ИИ или дата-центрам.",Secure_Face_AI
bgrp-0d57b7b20f,dev_fold_4,0,OFF_TOPIC,N-OFF,,4,,2,1.0,"Кандидат рассматривает синтез наночастиц, но не связан с синтетической биологией и производством материалов.",nanoparticles characteristics synthesis
bgrp-118617ab9c,dev_fold_1,0,OFF_TOPIC,N-OFF,,1,,2,1.0,Тема децентрализованных автономных организаций (DAO) не относится непосредственно к перспективным решениям в финтехе.,DAO Decentralization Voting-Bloc
bgrp-13f8e8a7ba,dev_fold_3,1,WEAK_SIGNAL_RELEVANT,R,,1,,2,1.0,"Кандидат соответствует всем критериям: конкретные исследования и разработки нейроморфных чипов, научные публикации с высокой достоверностью, ранние стадии технологий.",Study for Neuromorphic
bgrp-14d51f288a,dev_fold_0,0,NOISE,N-OFF,,1,,1,1.0,"Документы относятся к разработке ПО, но не содержат информации о защите и безопасности систем ИИ.",seanpixel council-of-ai
bgrp-162827073d,dev_fold_1,0,NOISE,N-NOI,,1,,1,1.0,"Источники — только репозитории на GitHub без независимого подтверждения, что недостаточно для верификации.",Crypto-Payment-Gateway
bgrp-164b7d91ab,dev_fold_4,0,MATURE,R,,2,,2,1.0,"Кандидат соответствует всем критериям: документы подтверждают исследования гибридных и твердотельных лидаров, источники научные, публикации свежие, технологии на ранней стадии развития.",LiDAR point cloud
bgrp-16c8e84f3e,dev_fold_0,1,WEAK_SIGNAL_RELEVANT,R,,1,,2,1.0,"Кандидат соответствует всем критериям: конкретные методы защиты от jailbreak-атак, ранние стадии внедрения, наличие независимых источников и прямое отношение к запросу.",JailBreak-атаки почему ИИ
bgrp-1932faf0d7,dev_fold_4,1,WEAK_SIGNAL_RELEVANT,N-GEN,,1,,2,1.0,"Хотя темы связаны с фотонными технологиями и лидарами, кандидат обобщает направления исследований, не фокусируясь конкретно на твердотельных лидарах.",integrated photonic FMCW
bgrp-198b3e9eac,dev_fold_2,0,OFF_TOPIC,N-OFF,,4,,2,1.0,"Документы касаются мультисенсорной интеграции и автономной навигации, но не квантовых сенсоров.",Multimodal Sensor Fusion
bgrp-19dfc29bc8,dev_fold_0,0,NOISE,N-OFF,,1,,1,1.0,"Документы касаются разработки операционных систем и агентов, но не затрагивают защиту и безопасность систем ИИ.",lglucas ai-dev-operating-system
bgrp-1a08083e45,dev_fold_0,0,OFF_TOPIC,N-OVR,,4,,1,1.0,"Источники посвящены юридическим аспектам использования ИИ, а не конкретным технологиям защиты и безопасности систем ИИ.",Artificial Intelligence Systems
bgrp-1a494b7d3c,dev_fold_2,1,WEAK_SIGNAL_RELEVANT,N-GEN,,4,,2,1.0,"Рассматривается чувствительность атомов в квантовых сенсорах, но без детализации конкретно навигационных приложений.",Sensitivity of atom
bgrp-1b1591a15c,dev_fold_4,0,OFF_TOPIC,N-OFF,,1,,1,1.0,"Темы связаны с лазерно-индуцированными явлениями в магнетиках, что не имеет отношения к твердотельным лидарам.",laser-induced spin-dynamics scenarios
bgrp-1b454b1cb9,dev_fold_4,0,NOISE,N-OFF,,1,,1,1.0,"Документы касаются облачных решений для скорости и безопасности, не связаны с edge-вычислениями.",cloudflare-for-speed-and-security
bgrp-1c7d0ace76,dev_fold_0,0,NOISE,N-OFF,,1,,1,1.0,"Тема связана с гипотезой повторяемости субстрата и конвергенцией вычислительной биологии, устойчивого сельского хозяйства и синтетической биологии, а не с индустриальным искусственным интеллектом на производстве.",Substrate Recurrence Hypothesis
bgrp-1d4e54bfcd,dev_fold_0,0,NOISE,N-OFF,,1,,2,1.0,"Рассматривается энергоэффективная архитектура ИИ, но не инфраструктура ИИ или дата-центры напрямую.",Energy Efficient Framework
bgrp-1ebfe124d2,holdout,1,WEAK_SIGNAL_RELEVANT,R,,1,,2,1.0,"Кандидат соответствует всем критериям: технология связана с биопечатью тканей, представлена конкретными исследованиями и прототипами, находится на ранней стадии разработки, подтверждена научными публикациями.",Robotic Bioprinting Framework
bgrp-204db78482,dev_fold_1,0,OFF_TOPIC,N-OFF,,4,,1,1.0,"Документы посвящены этическим и регуляторным вызовам ИИ в здравоохранении, а не перспективным решениям в финтехе.",challenges of AI
bgrp-20636401db,dev_fold_0,0,NOISE,U,,1,,1,0.8,"Тема соответствует запросу, конкретные продукты представлены, стадия ранняя, но верификация затруднена из-за низкого уровня доверия источников.",ai-manufacturing-optimizer
bgrp-20747062e4,dev_fold_4,1,WEAK_SIGNAL_RELEVANT,R,,2,,2,1.0,"Документ описывает твердотельный лидар на основе фазированных оптических массивов, подтвержден наукой, находится на стадии прототипа и демонстрирует растущий интерес.",optical phased arrays
bgrp-216265ad0c,dev_fold_1,0,NOISE,N-NOI,,4,,1,1.0,Источники — репозитории на GitHub без подробностей о технологии cheqq и её применении в финтехе.,cheqq
bgrp-230b4ec1f1,dev_fold_0,0,NOISE,R,,1,,1,0.9,"Тема соответствует запросу, представлена конкретная концепция автономного управляющего завода, источники независимые и надёжные, стадия концептуальная.",Autonomous Governance Factory
bgrp-23ee6744ed,dev_fold_3,0,OFF_TOPIC,N-OFF,,2,,2,1.0,"Кандидат посвящён верифицируемым цифровым кошелькам и доказательствам с нулевым разглашением, а не постквантовой криптографии.",SLVC-DIDA Signature-less Verifiable
bgrp-2468cfea07,dev_fold_2,1,WEAK_SIGNAL_RELEVANT,R,,2,,3,1.0,"Квантовые NMR-комагнетометры для инерциальной навигации описаны детально, источники научные, технология на ранней стадии развития.",NMR Co Magnetometers
bgrp-2598632f59,dev_fold_4,0,OFF_TOPIC,R,,2,,2,1.0,"Статья посвящена разработке твердотельного лазера для лидара, подтверждается научными публикациями, технология на ранней стадии развития и наблюдается стабильный рост интереса.",μm Solid-State Laser
bgrp-264c80bc6c,dev_fold_3,1,WEAK_SIGNAL_RELEVANT,R,,2,,2,1.0,"Документы содержат конкретные научные исследования агророботов, навигации и мониторинга поведения куриц, опубликованы на надежных площадках arXiv и doi.org.",Agricultural Mobile Robots
bgrp-273211825d,dev_fold_1,0,GENERIC_CONCEPT,R,,1,,2,1.0,"Документы содержат конкретные исследования органических полупроводников и гибкой электроники, опубликованы на научных платформах, относятся к ранней стадии разработок и демонстрируют растущий интерес.",organic semiconductors
bgrp-28e506d185,holdout,0,NOISE,R,,1,,2,1.0,"Документы подтверждают исследования и разработку динамически управляемых метаматериалов и метаповерхностей, относятся к ранней стадии и имеют научные публикации.",ТЕХНОЛОГИИ БАЗОВЫХ НАНОЭЛЕМЕНТОВ
bgrp-28ee876d3a,dev_fold_3,1,WEAK_SIGNAL_RELEVANT,R,,2,,3,1.0,"Документы охватывают конкретные квантово-стойкие алгоритмы и схемы подписей, находятся на ранней стадии внедрения, подтверждены научными публикациями и демонстрируют быстрый рост интереса.",Post-Quantum Cryptography
bgrp-2a181880ab,dev_fold_0,1,WEAK_SIGNAL_RELEVANT,R,,1,,2,1.0,"Документы подтверждают использование зелёного водорода в промышленных процессах, таких как производство стали, на ранней стадии через плазменное восстановление.",hydrogen plasma reduction
bgrp-2cee5837fe,dev_fold_0,0,NOISE,N-OFF,,1,,2,1.0,"Документы касаются инженерии данных и векторных баз данных, а не инфраструктуры ИИ или дата-центров.",data-engineering-for-ai
bgrp-2d5c5898f6,dev_fold_2,0,GENERIC_CONCEPT,N-OVR,,4,,2,1.0,"Документ содержит общие тенденции робототехники и автоматизации, а не описание конкретной новой технологии или продукта.",trends in robotics
bgrp-2f867982d5,dev_fold_3,0,OVERVIEW,R,,1,,2,1.0,"Кандидат соответствует всем критериям: фотонные интегральные схемы связаны с фотонными вычислениями, конкретные исследования опубликованы в научных изданиях, источники свежие и надёжные.",Фотонные интегральные схемы
bgrp-316a2f7fbf,dev_fold_0,0,GENERIC_CONCEPT,N-OFF,,4,,3,1.0,"Кандидат посвящён автомобилям на водородном топливе, что не соответствует запросу на применение зелёного водорода в промышленности.",водородном топливе
bgrp-328205e217,dev_fold_2,0,OVERVIEW,N-OVR,,4,,2,1.0,"Тема касается автоматизации и фабрик будущего, но не связана конкретно с робототехникой и физическим искусственным интеллектом.",Complete Automation
bgrp-32fd3cea4f,dev_fold_1,1,WEAK_SIGNAL_RELEVANT,R,,2,,2,1.0,"Кандидат соответствует всем критериям: конкретные перспективные решения в финтехе на основе Zero-Knowledge Proofs, научные публикации подтверждают технологию, наблюдается рост интереса.",vatal-system Privacy-Preserving-Blockchain-Identity-Systems--using-Zero-Knowledge-Proofs
bgrp-339c8f4668,dev_fold_2,0,NOISE,R,,2,,2,1.0,"Представлен конкретный проект робота с элементами физического ИИ, находится на стадии разработки (PoC), есть независимые источники.",Arthas-88 AI-Explorer-Robot
bgrp-3474b3e5a4,dev_fold_2,0,OFF_TOPIC,R,,2,,3,1.0,"Наноскопическая магнетометрия с алмазными квантовыми сенсорами прямо связана с запросом, источники научные, технология находится на ранней стадии внедрения.",nanoscale magnetometry
bgrp-34e60abd2e,dev_fold_0,0,NOISE,N-OFF,,1,,1,1.0,"Документы относятся к разработке агентов и runtime-средам, но не содержат информации о защите и безопасности систем ИИ.",Ali-hey-0 ai-runtime-lab
bgrp-364cd3ab0d,holdout,0,MATURE,R,,1,,2,1.0,"Кандидат соответствует всем критериям: технология связана с биопечатью тканей, представлена конкретным гидрогелем и методом, находится на ранней стадии исследований, подтверждена патентом и научной публикацией.",hydrogel for 3D
bgrp-369be77aa4,dev_fold_0,0,NOISE,N-OFF,,4,,2,1.0,"Кандидат касается общей экосистемы ИИ США и политических аспектов, а не индустриального ИИ на производстве.",US AI Ecosystem
bgrp-378524099c,dev_fold_0,0,NOISE,N-NOI,,2,,1,1.0,Документы представляют собой ссылки на GitHub без подробностей о конкретных технологиях или стадиях внедрения.,grishmankp-crypto Tata-Steel-Industrial-AI-Grishmank-
bgrp-3957117411,holdout,0,NOISE,R,,1,,2,0.9,"Документы содержат конкретные исследования и обзоры по биопечати тканей и органов, опубликованы на научных платформах и GitHub, отражают ранние стадии разработки.",sachinjangir74 3D-BioPrinting-Scaffold
bgrp-3a8532d591,dev_fold_3,1,WEAK_SIGNAL_RELEVANT,R,,2,,3,1.0,"Документы содержат конкретные разработки и аппаратную реализацию нейроморфных систем, основаны на научных публикациях, демонстрируют быстрый рост интереса и находятся на ранних стадиях внедрения.",ECRAM-Based Analog Neuromorphic
bgrp-3aa71b5be8,dev_fold_2,0,NOISE,R,,2,,2,1.0,"Упомянуты конкретные технологии EdgeAI и NeuroAI, связанные с робототехникой и физическим ИИ, есть научная публикация и код на GitHub.",EdgeAI-MotorMind
bgrp-3c76073859,dev_fold_1,1,WEAK_SIGNAL_RELEVANT,R,,2,,2,1.0,"Использование GAN-технологий для обнаружения мошенничества в банковском секторе — конкретное решение на ранней стадии внедрения, подтверждено научными публикациями, наблюдается рост интереса.",GANs for Fraud
bgrp-3c8e35f66d,dev_fold_0,0,OFF_TOPIC,N-OFF,,4,,3,1.0,"Тема связана с этикой и регулированием ИИ, а не с инфраструктурой ИИ или дата-центрами.",responsible AI systems
bgrp-3e6219631a,dev_fold_4,0,OFF_TOPIC,N-OFF,,2,,2,1.0,"Кандидат посвящен улучшению плотности сканирования лидара через механические зеркала, а не твердотельному лидару, поэтому не соответствует запросу.",enhance LiDAR scanning
bgrp-3ee738f4dd,dev_fold_2,0,OVERVIEW,N-OVR,,4,,3,1.0,"Кандидат представляет обзоры и исследования по применению больших языковых моделей в робототехнике, но не описывает конкретные ранние технологии или продукты.",Models for Robotics
bgrp-3feee7e38d,dev_fold_1,0,NOISE,R,,1,,2,1.0,"Документы подтверждают конкретные исследования и научные публикации о применении NFT в академических онлайн-платежах и цифровизации искусства, что соответствует признакам раннего этапа и перспективности.",Form of NFT
bgrp-408ad2e10b,dev_fold_1,0,GENERIC_CONCEPT,U,,1,,1,0.5,"Не хватает информации о конкретной технологии или ранней стадии внедрения, несмотря на наличие научного источника.",Energy Internet Redefinition
bgrp-40ca3280af,dev_fold_2,0,OFF_TOPIC,N-OFF,,1,,1,1.0,"Кандидат посвящён моделированию электромобилей и алгоритмам управления энергией, а не твёрдотельным аккумуляторам.",Electric Vehicle Simulation
bgrp-42487edaf2,dev_fold_4,0,NOISE,N-OFF,,1,,1,1.0,"Кандидат посвящён акустическим mesh-системам для мониторинга утечек, не связан с edge-вычислениями.",акустической Mesh-системы мониторинга
bgrp-42c8376685,dev_fold_0,1,WEAK_SIGNAL_RELEVANT,U,,2,,2,0.8,"Название 'secure-ai-tooling' прямо указывает на инструменты защиты ИИ, документы свежие, но уровень доверия средний из-за GitHub.",cosai-oasis secure-ai-tooling
bgrp-4350c07601,dev_fold_4,1,WEAK_SIGNAL_RELEVANT,R,,2,,3,1.0,"Документы конкретно рассматривают инженерию бактериальной целлюлозы методами синтетической биологии, находятся на ранней стадии исследований и подтверждены научными публикациями.",Engineering Bacterial Cellulose
bgrp-43a1c347d3,dev_fold_4,0,NOISE,U,,2,,1,0.8,"Документ описывает систему edge-вычислений с поддержкой дронов, соответствует критериям раннего этапа и конкретики, но отсутствует верификация.",tharanivenkat UAV-Assisted-Edge-Computing-System
bgrp-43d7ec7b0c,dev_fold_0,0,NOISE,N-GEN,,1,,1,1.0,"Рассматривается безопасность взаимодействия человека и ИИ через управление промтами и этику, но нет конкретики по технологиям защиты систем ИИ.",Human AI Safety
bgrp-43f90fada7,dev_fold_4,0,OFF_TOPIC,N-OFF,,1,,1,1.0,"Документы относятся к разработке приложений учёта расходных материалов и смежным темам, не затрагивают edge-вычисления.",учёту расходных материалов
bgrp-44b0ae5c83,holdout,0,OVERVIEW,N-MAT,,4,,2,1.0,"Документы содержат обзоры и технико-экономический анализ малых модульных реакторов, что указывает на зрелость технологии.",Small modular reactors
bgrp-45bb7d4933,dev_fold_4,0,OFF_TOPIC,N-OFF,,4,,2,1.0,"Кандидат охватывает нанокомпозиты и био-нанокомпозиты, но отсутствует связь с синтетической биологией и производством материалов.",nanocomposite and bio-nanocomposite
bgrp-46b8f7e990,dev_fold_0,0,GENERIC_CONCEPT,N-GEN,,4,,3,1.0,"Кандидат рассматривает общие проблемы больших языковых моделей и федеративного обучения, не фокусируясь конкретно на индустриальном ИИ.",Large Language Model
bgrp-4898de48ab,dev_fold_1,0,OFF_TOPIC,N-OFF,,1,,1,1.0,"Кандидат посвящён использованию языковых моделей в химии, а не малым языковым моделям на мобильных устройствах.",models for chemistry
bgrp-490a62316d,holdout,0,OVERVIEW,U,,4,,2,0.9,"Тема соответствует запросу, но конкретные технологии не выделены; источники надёжны, стадии поздние.",carbon capture storage
bgrp-4bf425c1d3,dev_fold_0,0,OVERVIEW,N-OVR,,4,,2,1.0,"Источники содержат обзоры и научные статьи об искусственном интеллекте в российской промышленности, но не раскрывают конкретные технологии или стадии внедрения.",artificial intelligence technologies
bgrp-4c02d71a5c,dev_fold_3,1,WEAK_SIGNAL_RELEVANT,R,,1,,1,1.0,"Патенты и кодовые репозитории подтверждают разработку конкретных решений для нейроморфных чипов, технология находится на ранней стадии исследований.",neuron for neuromorphic
bgrp-4e9bfca45c,dev_fold_0,0,NOISE,N-OFF,,1,,1,1.0,"Кандидат посвящён разработке программного инструмента, не связан напрямую с инфраструктурой ИИ или дата-центрами.",promptly-lite
bgrp-504a204349,dev_fold_4,1,WEAK_SIGNAL_RELEVANT,R,,2,,2,1.0,"Документы посвящены аппаратным архитектурам для защиты периферийных вычислений, содержат конкретные научные публикации с описанием технологии и датированы недавними годами.",memristor-based unified PUF
bgrp-50d93f025e,dev_fold_2,0,OFF_TOPIC,N-OFF,,1,,1,1.0,"Документы касаются цифровых двойников в аквакультуре, а не в энергетике.",Multifidelity digital twin
bgrp-515e838f22,holdout,1,WEAK_SIGNAL_RELEVANT,R,,1,,2,1.0,"Документы относятся к малым модульным реакторам, содержат конкретные исследования нейтронных характеристик и теплогидравлики, опубликованы в научных журналах, отражают ранние стадии разработки.",neutronics and thermal-hydraulics
bgrp-5381621002,dev_fold_2,1,WEAK_SIGNAL_RELEVANT,R,,2,,2,1.0,"Конкретное применение цифровых двойников для прогнозирования нагрузки в энергетике, научные публикации подтверждают раннюю стадию и достоверность.",Power Load Forecasting
bgrp-53c88fbe9c,dev_fold_4,0,OVERVIEW,N-OFF,,4,,3,1.0,"Темы касаются индустрии 4.0 и дистанционного управления транспортом, но не относятся непосредственно к edge-вычислениям или периферийному инференсу.",ИНДУСТРИИ 4
bgrp-570d1d69c3,dev_fold_0,0,GENERIC_CONCEPT,N-OFF,,4,,3,1.0,"Материалы охватывают широкий спектр тем внедрения ИИ, но не касаются конкретно защиты и безопасности систем ИИ.",ИИ уже умеет
bgrp-58d54203ef,dev_fold_2,0,OFF_TOPIC,N-OFF,,1,,1,1.0,"Документы касаются переработки литий-ионных батарей и сравнительного анализа различных типов батарей, но не фокусируются конкретно на разработке твёрдотельных аккумуляторов для транспорта.",spent lithium-ion batteries
bgrp-596fa3011d,dev_fold_0,0,GENERIC_CONCEPT,N-OFF,,1,,1,1.0,"Кандидат c1 касается общей темы искусственного интеллекта и доверия к нему, но не конкретно защиты и безопасности систем ИИ.",artificial intelligence
bgrp-5a5f1f8266,dev_fold_0,0,OFF_TOPIC,R,,2,,2,1.0,"Кандидат c2 соответствует всем критериям: тема защиты ИИ через системы обнаружения вторжений, конкретные научные публикации, ранние стадии внедрения и высокая достоверность источников.",AI-Enabled Intrusion Detection
bgrp-5adcf65816,holdout,1,WEAK_SIGNAL_RELEVANT,R,,2,,3,1.0,"Ряд научных публикаций подтверждает конкретные разработки метаповерхностных биосенсоров, технология находится на стадии исследований и прототипирования, наблюдается быстрый рост интереса.",Exploring Metasurface-Based Biosensor
bgrp-5dbaf2aeac,holdout,0,NOISE,N-OFF,,1,,1,1.0,"Документы относятся к низкотемпературным реакторным установкам и управлению ими, но не к малым модульным ядерным реакторам.",원자로 및 저압수형
bgrp-608a25541f,dev_fold_1,0,GENERIC_CONCEPT,R,,2,,1,1.0,"Документ описывает конкретные подходы к созданию языковых моделей непосредственно для мобильных устройств, подтверждается научным источником, находится на ранней стадии разработки.",ecamln14 On-device-AI-for-Language-Processing
bgrp-6112c1c0fa,dev_fold_0,0,NOISE,N-NOI,,1,,1,1.0,"Документы представляют собой ссылки на GitHub без содержательной информации, подтверждающих ранних стадий внедрения индустриального ИИ.",wanglin1111111 ai-industrial-upgrade-intelligent-manufacturing
bgrp-6155f8f042,dev_fold_4,0,OVERVIEW,R,,3,,2,1.0,"Документы прямо говорят о краевых вычислениях для цифровизации энергетики, представлены научные публикации с конкретикой и указанием стадии развития технологии.",цифровизации энергетики
bgrp-63082305bc,dev_fold_4,0,MATURE,R,,2,,3,1.0,"Документы охватывают исследования распределённых систем для multi-access edge computing, описаны конкретные подходы и технологии, подтверждены научными публикациями последних лет.",Multi-access Edge Computing
bgrp-637d04b9cf,dev_fold_4,0,OVERVIEW,N-OVR,,4,,2,1.0,"Документы содержат обзоры, стратегии и перспективы развития метавселенных, а не конкретные технологии или практики на ранней стадии.",сетевая метавселенная
bgrp-6419edc66a,dev_fold_0,0,OFF_TOPIC,N-OVR,,1,,1,1.0,"Кандидат c3 охватывает широкий спектр тем цифровой трансформации и киберрисков, связанных с ИИ, но не фокусируется на конкретной ранней технологии защиты систем ИИ.",dynamic cybersecurity risk
bgrp-641b9de87a,dev_fold_0,0,OFF_TOPIC,R,,2,,2,1.0,"Кандидат c4 удовлетворяет всем условиям: практическая система безопасности на основе ИИ, научные публикации и открытый код подтверждают конкретику и раннюю стадию развития.",Practical AI Security
bgrp-64776ce65d,dev_fold_0,0,OVERVIEW,N-OFF,,1,,1,1.0,"Кандидат посвящён сотрудничеству человека и ИИ, а не конкретно индустриальному ИИ на производстве.",Evaluating Human-AI Collaboration
bgrp-65f1d23e0d,dev_fold_1,0,NOISE,N-NOI,,2,,1,1.0,"Источники — репозитории на GitHub без подробностей реализации и доверия, что указывает на отсутствие верифицируемости и достаточной конкретики.",XTRAGES smartpension
bgrp-65f6ebfde7,holdout,0,OVERVIEW,U,,4,,2,0.9,"Рассматривается улавливание углерода в бетоне, источники научные и надёжные, но конкретные методы не детализированы, стадии зрелые.",carbon sequestration methods
bgrp-66eb9b91a0,dev_fold_0,0,OFF_TOPIC,N-OFF,,2,,1,1.0,"Документы касаются создания и функционирования ИИ-агентов, но не затрагивают защиту и безопасность систем ИИ.",создаём ИИ-агента
bgrp-6c285d6409,dev_fold_4,0,GENERIC_CONCEPT,R,,2,,2,1.0,"Кандидат соответствует всем критериям: технология беспилотной доставки дронами последней мили рассматривается конкретно, на ранней стадии внедрения, подтверждается научными публикациями, тема актуальна.",autonomous drone navigation
bgrp-6cb37217f9,dev_fold_1,0,MATURE,R,,1,,2,1.0,"Документы относятся к гибкой электронике, содержат конкретные разработки (широкополосная гибкая антенна, покрытие с экраном электромагнитных помех), опубликованы недавно в научных источниках.",High-Performance EMI Shielding
bgrp-6d128033ec,dev_fold_4,1,WEAK_SIGNAL_RELEVANT,R,,2,,2,1.0,"Документы относятся к теме edge-вычислений, содержат конкретные исследования и прототипы, опубликованы на научных платформах.",Benchmarking Lightweight AI-Agent
bgrp-6e241b6858,dev_fold_4,0,MATURE,R,,1,,2,1.0,"Патенты посвящены мобильной периферийной вычислительной инфраструктуре, описаны конкретные технические решения, документы имеют высокую достоверность.",mobile edge computing
bgrp-6e657bf18c,dev_fold_0,0,NOISE,R,,1,,2,1.0,"Кандидат соответствует всем критериям: тема защиты ИИ, конкретные методы, научные публикации, ранние стадии разработки, рост интереса.",Certification by Circulation
bgrp-6f1844fb1b,holdout,1,WEAK_SIGNAL_RELEVANT,R,,2,,2,1.0,"Документы подтверждают исследования и разработку конкретных калибровочных решений и применений интерфейсов мозг-компьютер на основе cVEP, опубликованы научные статьи на авторитетных платформах.",cVEP-Based BCI
bgrp-6f647fb6b0,dev_fold_1,1,WEAK_SIGNAL_RELEVANT,R,,1,,1,1.0,"Документы относятся к гибкой и печатной электронике, содержат конкретные разработки, находятся на ранней стадии исследований и подтверждены научными публикациями.",flexible electronics
bgrp-7295bee77d,dev_fold_0,0,OVERVIEW,N-OVR,,4,,3,1.0,"Источники содержат обзоры перспектив развития водородной энергетики, а не конкретные технологии или продукты для промышленности на ранних стадиях внедрения.",hydrogen energy development
bgrp-72c55e7144,dev_fold_4,0,OFF_TOPIC,N-OFF,,4,,3,1.0,"Данный кандидат посвящён большим языковым моделям и их применению в автономном вождении, а не беспилотной доставке последней мили, поэтому не соответствует запросу.",Large Language Models
bgrp-72e88f8c70,dev_fold_4,0,OVERVIEW,,,,,,,,ЦИФРОВЫЕ ФИНАНСОВЫЕ ИНСТРУМЕНТЫ
bgrp-73e93b2f46,dev_fold_2,0,GENERIC_CONCEPT,R,,3,,2,1.0,"Есть конкретные примеры цифровых двойников в энергетике, научные публикации подтверждают раннюю стадию внедрения и достоверность технологий.",digital technologies
bgrp-743b32204e,dev_fold_0,0,OVERVIEW,N-OVR,,4,,2,1.0,"Документы содержат обзоры и научные публикации о развитии ИИ в целом, без привязки к инфраструктуре или дата-центрам.",artificial intelligence development
bgrp-760df3fa2d,dev_fold_0,1,WEAK_SIGNAL_RELEVANT,U,,2,,1,0.7,"Отсутствуют независимые верифицируемые источники помимо GitHub, что снижает достоверность информации.",Repello-AI whistleblower
bgrp-77dfaad589,dev_fold_0,1,WEAK_SIGNAL_RELEVANT,U,,3,,1,0.7,"Нет независимых верифицируемых источников, только ссылки на GitHub, что затрудняет подтверждение информации.",OctoGuard--Free-OpenClaw-Security-Supervision-System
bgrp-789403f054,dev_fold_0,0,NOISE,N-NOI,,1,,1,1.0,Ссылки на GitHub без подробностей о конкретных технологиях и стадиях внедрения делают этот кандидат шумным.,Project---Applied-Industrial-AI-for-Manufacturing
bgrp-79a5328da7,dev_fold_0,0,GENERIC_CONCEPT,N-OVR,,4,,2,1.0,"Источники рассматривают общие тенденции и проблемы внедрения индустриального ИИ, а не конкретные методы или продукты на ранней стадии.",Industrial AI
bgrp-79ab29e01c,holdout,0,NOISE,N-OFF,,1,,1,1.0,"Кандидат касается технологий охлаждения реакторов и торпед с ядерной установкой, но не малых модульных ядерных реакторов.",свинцово-висмутового жидкометаллического теплоносителя
bgrp-7bec2db951,dev_fold_2,0,NOISE,N-OFF,,1,,1,1.0,"Документы посвящены биотехнологиям постчеловеческого будущего и оптимизации сложных систем через квантовую запутанность, не связаны с робототехникой и физическим искусственным интеллектом.",Post-Human Biotechnologies Toward
bgrp-7ccb4079ee,dev_fold_1,0,NOISE,N-NOI,,2,,1,1.0,"Репозитории на GitHub не содержат подтверждений реализации и подробностей технологии, что снижает доверие и конкретику.",QBitFlow qbitflow-evm-contracts
bgrp-7d8fd209d1,dev_fold_1,0,GENERIC_CONCEPT,N-GEN,,1,,2,1.0,"Документы представляют общие обзоры и рамки анализа для Web3, без детализации конкретных технологий или решений, что указывает на недостаток конкретики.",Web3 The Next
bgrp-7dee8a2f6b,dev_fold_3,1,WEAK_SIGNAL_RELEVANT,N-OFF,,1,,2,1.0,"Документы касаются дифракционных оптических процессоров и широкополосной визуализации, но не относятся непосредственно к фотонным вычислениям.",Wavelength-Multiplexed Diffractive Optical
bgrp-7e277d223d,holdout,0,NOISE,R,,2,,2,0.9,"Исследуются мембранные материалы для захвата углерода, есть конкретные разработки и научные публикации, технология на ранней стадии развития.",Membranes for Carbon
bgrp-7fc6e6a377,dev_fold_4,0,OVERVIEW,N-GEN,,4,,2,1.0,"Кандидат охватывает общие биоразлагаемые полимерные материалы растительного и микробного происхождения, но не фокусируется на конкретных синтетико-биологических технологиях производства материалов.",Biodegradable Polymeric Materials
bgrp-80d4b7b40d,dev_fold_3,0,OVERVIEW,R,,3,,2,1.0,"Исследования касаются конкретных аспектов масштабирования и обучения нейроморфных чипов, подтверждены научными публикациями, наблюдается стабильный рост интереса, технологии на стадии пилотов.",Intelligence Neuromorphic Chips
bgrp-816fd2bf17,dev_fold_1,1,WEAK_SIGNAL_RELEVANT,R,,1,,2,1.0,Документы относятся к гибкой и печатной электронике через разработку проводящих чернил и полимерных электролитов для суперконденсаторов и анодов.,Ionic Conduction
bgrp-8510164080,dev_fold_1,0,MATURE,R,,1,,2,1.0,"Документы относятся к облачным вычислениям, конкретно к нативным облачным приложениям, находятся на ранней стадии развития, подтверждены научными публикациями.",Cloud Native Applications
bgrp-8536b156cb,dev_fold_0,0,OVERVIEW,N-OVR,,4,,2,1.0,"Кандидат представляет научные публикации об индустриальном AI-трансформировании производства, но это скорее аналитика и обзоры, а не конкретные технологии ранней стадии.",industrial AI transformation
bgrp-85bc1cc614,dev_fold_4,0,OFF_TOPIC,R,,1,,2,1.0,"Патенты касаются защиты периметра сети через SEPP-прокси, представлены конкретные методы и системы, источники надёжны.",protection proxy SEPP
bgrp-86f04d5424,dev_fold_1,0,OFF_TOPIC,N-OFF,,1,,1,1.0,"Тема связана с паттернами суждений ИИ и токсичностью в чатботах, но не касается малых языковых моделей на мобильных устройствах.",AI Judgment Patterns
bgrp-8951ff0829,dev_fold_1,0,OFF_TOPIC,N-OVR,,4,,2,1.0,"Кандидат представляет обзоры взаимосвязей между криптовалютами, NFT и DeFi, инвестиционными стратегиями — это аналитика и обобщения, а не конкретные перспективные решения.",interlinkages between cryptocurrencies
bgrp-899b39f756,dev_fold_0,1,WEAK_SIGNAL_RELEVANT,N-OFF,,2,,2,1.0,"Кандидат посвящён тестированию проникновения MCP, а не защите и безопасности самих систем ИИ.",MCP-Penetration-testing
bgrp-89cef6215f,dev_fold_4,0,NOISE,N-NOI,,1,,1,1.0,"Источники — репозитории на GitHub с низкой достоверностью, не связаны напрямую с edge-вычислениями или периферийным инференсом.",ToolsHive Intrudex
bgrp-89efb869d3,dev_fold_0,0,OFF_TOPIC,N-OFF,,2,,1,1.0,"Статья посвящена созданию ИИ-агента для технической документации, не затрагивает инфраструктуру ИИ или дата-центры.",создаём ИИ-агента
bgrp-8a283d743f,dev_fold_4,0,OFF_TOPIC,R,,1,,2,1.0,"Кандидат соответствует всем критериям: конкретные патенты по генной терапии с использованием CRISPR, ранние стадии разработки, высокая достоверность источников.",내로 CRISPR Cas9의
bgrp-8b02725e4a,dev_fold_2,0,OVERVIEW,R,,2,,3,1.0,"Документы подтверждают исследования в области интеллектуальной мягкой робототехники с применением физического искусственного интеллекта, стадии прототипирования и активного роста интереса.",Intelligent Soft Robotics
bgrp-8b9af9cb9b,dev_fold_0,0,NOISE,N-NOI,,1,,1,1.0,"Документы представляют собой репозитории на GitHub, посвящённые голосовым AI-консультантам, что не связано с индустриальным искусственным интеллектом на производстве.",voice-ai-consultant
bgrp-9139a3146a,dev_fold_3,0,OFF_TOPIC,N-OFF,,2,,2,1.0,"Вариационные методы квантового вычисления не относятся непосредственно к постквантовой криптографии, хотя и связаны с квантовыми технологиями.",Variational Quantum Computing
bgrp-91e8e77b74,holdout,1,WEAK_SIGNAL_RELEVANT,R,,2,,2,0.9,"Представлены конкретные подходы к захвату углекислого газа, включая прямой захват из воздуха и электрохимические методы; публикации научные, технологии на стадии исследований и прототипирования.",Carbon Dioxide Capture
bgrp-922fc16b00,dev_fold_1,1,WEAK_SIGNAL_RELEVANT,R,,2,,2,1.0,"Документы посвящены разработке трибоэлектрического покрытия для электронных тканей с использованием графеновой пасты, что соответствует признакам слабого сигнала.",triboelectric nanogenerator based
bgrp-9301e5b7f2,holdout,1,WEAK_SIGNAL_RELEVANT,R,,2,,2,1.0,"Патенты подтверждают разработку настраиваемых наноразмерных метаповерхностей, технология находится на стадии прототипирования, информация подтверждена независимыми источниками.",NANOSCALE-RECONFIGURABLE METASURFACES
bgrp-95f0fcad2c,dev_fold_1,0,NOISE,N-NOI,,2,,1,1.0,"Документы представляют собой ссылки на GitHub-проекты, без подробностей реализации и независимых подтверждений, что указывает на низкий уровень достоверности и отсутствие конкретики.",solana-smart-payments
bgrp-962cb43279,dev_fold_2,0,OVERVIEW,N-OVR,,4,,3,1.0,"Документы носят обобщённый характер, описывают цифровизацию предприятий энергетики в целом, без конкретизации цифровых двойников и признаков ранней стадии.",ЦИФРОВИЗАЦИЯ ПРЕДПРИЯТИЙ ЭЛЕКТРОЭНЕРГЕТИЧЕСКОГО
bgrp-97404a2790,dev_fold_4,0,NOISE,N-OFF,,1,,1,1.0,"Документы относятся к проектам на GitHub, посвящённым общим вопросам разработки корпоративных систем и AI runtime, но не касаются конкретно edge-вычислений или периферийного инференса.",DrHazemAli enterprise-system-design
bgrp-99ad3edd99,dev_fold_3,0,OVERVIEW,R,,2,,2,1.0,"Кандидат включает научные публикации о роботизированных системах для точного земледелия, сфокусированные на конкретных задачах вроде обнаружения сорняков и фруктов, с подтверждением на doi.org.",agricultural robot system
bgrp-9a30152b77,dev_fold_4,0,OFF_TOPIC,N-OFF,,1,,1,1.0,"Документы посвящены микопластикам и защите водных ресурсов, не связаны с синтетической биологией в производстве материалов.",Microplastics in Russia
bgrp-9b67db9965,dev_fold_1,0,GENERIC_CONCEPT,N-OFF,,4,,2,1.0,"Документы касаются компьютерного зрения в сельском хозяйстве, но не вертикальных ферм конкретно.",Vision-Based Farming Applications
bgrp-9c2b24733c,dev_fold_1,1,WEAK_SIGNAL_RELEVANT,N-OFF,,1,,2,1.0,"Кандидат касается допирования органических полупроводников, что не связано с гибкой и печатной электроникой напрямую.",Doped Organic Semiconductors
bgrp-9ccfc08508,dev_fold_1,0,MATURE,R,,1,,2,1.0,Исследования поведения чернил и технологий печати относятся к ранней стадии развития гибкой электроники и подтверждены научными публикациями.,Behavior of Inkjet-Printed
bgrp-9eab697202,dev_fold_1,0,OVERVIEW,N-OVR,,4,,2,0.9,"Документы содержат обзоры и систематизации существующих технологий умных сетей, а не конкретные инновационные разработки ранних стадий.",Enhancing smart grid
bgrp-9efd32108f,dev_fold_0,0,MATURE,R,,2,,2,1.0,"Представлен конкретный подход — 1D-CNN-IDS для промышленного инспектирования на базе ИИ, исследования опубликованы в научных источниках, технология находится на ранней стадии внедрения.",1D-CNN-IDS
bgrp-9f1c5ced83,dev_fold_4,0,NOISE,N-NOI,,1,,1,1.0,"Склеенные документы с GitHub содержат лишь имена проектов, связанных с edge-вычислениями, но не раскрывают конкретные технологии или методы, подтверждающие раннюю стадию развития.",edge-runners-hackathon
bgrp-9f4bb384b6,dev_fold_1,0,OVERVIEW,N-OVR,,4,,2,1.0,"Представлены научные публикации об общих аспектах смарт-контрактов и децентрализованных финансов, что соответствует уровню аналитики и обзора, а не конкретным инновационным решениям.",DeFi Smart Contracts
bgrp-9f53ee401f,dev_fold_0,0,OVERVIEW,N-OFF,,4,,2,1.0,"Кандидат рассматривает роль ИИ в здравоохранении и медицинские приложения, не касаясь инфраструктуры ИИ или дата-центров.",Intelligence in Healthcare
bgrp-9faf2408b8,dev_fold_1,1,WEAK_SIGNAL_RELEVANT,R,,2,,1,1.0,"Исследования касаются federated few-shot learning для мобильной обработки естественного языка, подтверждаются научными публикациями, находятся на ранней стадии внедрения.",Federated Few-Shot Learning
bgrp-a14bf1b39b,dev_fold_1,0,OVERVIEW,R,,1,,2,1.0,"Кандидат описывает перспективное решение — децентрализованное federated learning, подкреплённое научными публикациями и открытым кодом, находится на ранней стадии развития.",Decentralized Federated Learning
bgrp-a286316093,dev_fold_3,1,WEAK_SIGNAL_RELEVANT,R,,1,,2,1.0,"Документы относятся к разработке аналогового мемристивного устройства на основе IGZO-транзисторов для нейроморфных систем, что соответствует признакам слабого сигнала.",Analog Memcapacitor
bgrp-a2a54dab78,dev_fold_2,1,WEAK_SIGNAL_RELEVANT,R,,1,,2,1.0,"Документ посвящен исследованию восприятия и калибровки автономных грузовиков, есть научная публикация и код на GitHub.",Perception for Autonomous
bgrp-a6e5bacba7,dev_fold_1,0,OVERVIEW,R,,2,,3,1.0,"Кандидат охватывает облачные вычисления через концепцию Cloud-Edge-IoT, включает конкретные научные публикации и предварительный обзор, указывает на рост интереса и развитие технологий.",Cloud-Edge-IoT Continuum
bgrp-a7ea4f7665,dev_fold_0,0,OFF_TOPIC,N-OVR,,4,,3,1.0,"Документы содержат обзоры и рекомендации по использованию ИИ в кибербезопасности, но не конкретные методы защиты систем ИИ.",Intelligence in Cybersecurity
bgrp-a9224dee50,holdout,1,WEAK_SIGNAL_RELEVANT,R,,3,,3,1.0,"Научные публикации подтверждают разработку программируемых метаповерхностей для терагерцового диапазона, технология находится на стадии пилотов и раннего внедрения, отмечается быстрый рост интереса.",metasurface for terahertz
bgrp-a92b208b7d,dev_fold_3,0,OVERVIEW,N-OVR,,4,,2,1.0,"Кандидат охватывает широкий спектр тем аппаратного ускорения глубокого обучения, включая фотонные сети, но не фокусируется конкретно на ранней стадии фотонных вычислений.",Deep Learning Hardware
bgrp-ac74dc8a33,dev_fold_3,0,NOISE,N-OVR,,4,,1,1.0,"Кандидат представляет обзоры применений нейроморфных систем, не фокусируясь на конкретных процессорах или ранних стадиях разработки.",Применения нейроморфных систем
bgrp-aceb63cd16,holdout,1,WEAK_SIGNAL_RELEVANT,R,,1,,2,1.0,"Документы подтверждают разработку концепции микромодульного ядерного реактора на тории, опубликованы научные статьи и исследования.",thorium fueled molten
bgrp-b07e5e6314,dev_fold_4,0,NOISE,R,,2,,2,1.0,"Кандидат содержит научные препринты с Zenodo, описывающие конкретные исследования и proof-of-concept по оптимизации и обеспечению безопасности edge-моделей и периферийного инференса, что соответствует признакам слабого сигнала.",Edge-Authoritative OT Enforcement
bgrp-b09841a9db,holdout,1,WEAK_SIGNAL_RELEVANT,R,,2,,3,1.0,"Кандидат соответствует всем критериям: конкретные реconfigurable metasurface системы, научные публикации подтверждают раннюю стадию разработки и высокую динамику интереса.",reconfigurable metasurface system
bgrp-b0ad826018,dev_fold_1,0,NOISE,N-NOI,,1,,1,1.0,"Документы представляют собой несвязанные GitHub-проекты, не относящиеся к финтеху, без подтверждений и конкретики.",MetaMind-Aychain AI-NEXUS
bgrp-b418e8e16f,dev_fold_4,1,WEAK_SIGNAL_RELEVANT,N-OFF,,2,,2,1.0,"Кандидат рассматривает проблему временных и частотных перегрузок лидара, а не конкретно твердотельные лидары, поэтому не соответствует запросу.",congestion of LiDAR
bgrp-b51a3f6024,holdout,0,GENERIC_CONCEPT,N-MAT,,4,,1,1.0,"Патенты касаются управления и заправки ядерных реакторов, но не относятся конкретно к малым модульным реакторам и находятся на поздней стадии разработки.",NUCLEAR REACTORS
bgrp-b59f299bb0,dev_fold_1,0,MATURE,R,,1,,2,1.0,"Документы относятся к применению машинного обучения в Ethereum для оптимизации криптовалютных портфелей и торговли, подтверждены научными публикациями, находятся на ранней стадии исследований.",Machine learning Ethereum
bgrp-b66c3dfc04,dev_fold_0,0,OVERVIEW,N-OVR,,4,,3,1.0,"Кандидат охватывает широкий спектр тем об искусственном интеллекте, включая безопасность, но не фокусируется конкретно на защите систем ИИ.",artificial intelligence technologies
bgrp-b802395636,dev_fold_1,0,GENERIC_CONCEPT,R,,2,,2,1.0,"Кандидат соответствует всем критериям: конкретные малые языковые модели для мобильных устройств, научные публикации и кодовые репозитории подтверждают раннюю стадию разработки.",Small Language Model
bgrp-b8e942a031,dev_fold_4,0,NOISE,N-OFF,,1,,1,1.0,"Документы относятся к honeypot-технологиям и базам данных, не связаны с edge-вычислениями или периферийным инференсом.",lucahttp HorneroDB
bgrp-b8f969e315,dev_fold_2,0,OFF_TOPIC,N-OFF,,4,,2,1.0,"Документы касаются ИИ в программировании и безопасности, не связаны с робототехникой и физическим искусственным интеллектом.",ИИ агента почему
bgrp-ba4388c240,dev_fold_2,0,GENERIC_CONCEPT,U,,4,,2,0.9,"Кандидат соответствует запросу по теме цифровых двойников в энергетике, подтверждён источниками высокой достоверности, однако не демонстрирует признаков ранней стадии технологии.",Digital twins
bgrp-bd13bc0245,dev_fold_0,1,WEAK_SIGNAL_RELEVANT,R,,2,,2,1.0,"Представлен научный труд и кодовый репозиторий по фреймворку ai-safe2, ориентированному на управление идентификацией и безопасность агентных ИИ, что соответствует критериям раннего сигнала.",CyberStrategyInstitute ai-safe2-framework
bgrp-be0c52f908,holdout,1,WEAK_SIGNAL_RELEVANT,R,,3,,2,1.0,"Представлены конкретные электромеханические метаматериалы (EMetaNode), научные публикации подтверждают разработку и эксперименты, наблюдается стабильный рост интереса.",EMetaNode Electromechanical Metamaterial
bgrp-beb5501b2c,holdout,0,NOISE,N-OFF,,1,,1,1.0,"Кандидат посвящён имплантологии в герниоэндопротезировании, а не биопечати тканей и органов.",implantation in hernioendoprosthetics
bgrp-beb6e8d457,dev_fold_0,0,NOISE,R,,2,,2,1.0,"Предложен конкретный концепт — когнитивные гипервизоры для промышленных сред на основе edge-AI, документы представлены как препринты, технология находится на стадии исследований и прототипирования.",QID-NPI Edge-Native Cognitive
bgrp-bf7c7f18ee,dev_fold_3,0,OVERVIEW,R,,1,,2,1.0,"Прямо упоминается 'multidimensional photonic computing', документы научные, свежие, подтверждают раннюю стадию исследований.",multidimensional photonic computing
bgrp-c11945ae28,dev_fold_1,0,GENERIC_CONCEPT,N-OFF,,1,,1,1.0,"Источники охватывают использование ИИ в цифровой трансформации промышленности, маркетинге и автономных транспортных средствах, но не ИИ-агентов для разработки ПО.",Artificial Intelligence
bgrp-c1485cd78d,dev_fold_2,1,WEAK_SIGNAL_RELEVANT,N-OFF,,1,,2,1.0,"Кандидат посвящён общей квантовой метрологии вращений, а не конкретно квантовым сенсорам для навигации.",Multiparameter quantum metrology
bgrp-c1c4ea653c,dev_fold_4,0,NOISE,N-NOI,,1,,1,0.9,Документы представляют собой ссылки на GitHub-репозитории без подробностей о конкретных технологиях edge-вычислений.,edgeloom-oss edgeloom
bgrp-c535890e05,dev_fold_0,0,GENERIC_CONCEPT,N-OVR,,4,,2,0.9,"Кандидат описывает общие концепции и эволюцию индустрии 5.0, не фокусируясь на конкретных технологиях индустриального ИИ на производстве.",Industry 5
bgrp-c734f4c8bd,dev_fold_0,0,OFF_TOPIC,N-OFF,,1,,1,1.0,"Кандидат посвящен искусственному интеллекту в умных домах, что не связано с инфраструктурой ИИ и дата-центрами.",AI_Powered_Smart_Home_System
bgrp-c85efd7518,dev_fold_2,1,WEAK_SIGNAL_RELEVANT,N-OFF,,2,,2,1.0,"Документы касаются лазерных диодов и оптоволоконных технологий для квантового сенсинга, но не навигационных приложений.",VCSELs for quantum
bgrp-c87d35991e,dev_fold_1,0,OVERVIEW,N-OVR,,4,,2,1.0,"Кандидат представляет обзоры и технические отчеты о применении LLMs в финансах, без детализации конкретных перспективных решений.",GPT-4 Technical Report
bgrp-c9b1ecfc80,dev_fold_1,1,WEAK_SIGNAL_RELEVANT,N-OFF,,2,,2,1.0,"Тема 3D-печати устройств с интегрированными платами не связана конкретно с гибкой и печатной электроникой, а шире охватывает персонализированную разработку.",3D Printed Devices
bgrp-ca1db674c1,dev_fold_0,0,NOISE,R,,1,,2,1.0,"Документы относятся к угрозам безопасности ИИ-систем, описаны конкретные риски фишинга и угрозы для визуальных систем ИИ, источники — научные препринты 2026 года.",AI Phishing Risk
bgrp-cb6bc0c781,dev_fold_1,0,NOISE,N-OFF,,1,,2,1.0,"Документы касаются молекулярных полупроводников и симуляций органических полупроводников, но не гибкой и печатной электроники.",molecular semiconductors
bgrp-cbbc3685a4,dev_fold_4,1,WEAK_SIGNAL_RELEVANT,R,,1,,1,1.0,"Представлены конкретные научные исследования по безопасной коммуникации и аутентификации в метавселенной с использованием блокчейна, находятся на ранней концептуальной стадии.",Blockchain-aided Secure Semantic
bgrp-cc6010878c,dev_fold_4,1,WEAK_SIGNAL_RELEVANT,N-OFF,,3,,2,1.0,"Кандидат посвящён безопасности в IoMT, а не непосредственно edge-вычислениям или периферийному инференсу.",Security in IoMT
bgrp-ccf253360d,dev_fold_1,0,MATURE,N-OFF,,4,,2,1.0,"Хотя упоминается использование рекуррентных нейронных сетей в облачной архитектуре, основной фокус кластера — архитектура и применение RNN, а не непосредственно облачные вычисления.",Recurrent Neural Networks
bgrp-cf1df6efda,dev_fold_3,0,OVERVIEW,N-OVR,,1,,2,1.0,"Кандидат представляет обзоры и введения в тему нейроморфных чипов, не описывает конкретные технологии или продукты на ранней стадии.",нейроморфным чипам введение
bgrp-cf9d3b1748,holdout,1,WEAK_SIGNAL_RELEVANT,R,,3,,2,1.0,"Источники содержат конкретные научные публикации о малых модульных реакторах, их интеграции с технологиями захвата углерода и водородопроизводством, подтверждая раннюю стадию внедрения.",Modular Reactors SMRs
bgrp-d05728c9f0,holdout,0,OVERVIEW,R,,1,,2,1.0,"Документы содержат конкретные исследования технологий улавливания и хранения углерода, опубликованы в научных журналах, относятся к ранней стадии разработки и демонстрируют растущий интерес.",carbon capture
bgrp-d25384bf53,dev_fold_0,0,OVERVIEW,R,,2,,3,1.0,,hydrogen-to-X energy systems
bgrp-d2951c0126,dev_fold_4,0,HYPE,N-OFF,,3,,2,1.0,"Запрос про генную терапию на основе CRISPR, а кандидат посвящён диабету 1 типа и гипотезам лечения, не связанным конкретно с CRISPR-терапией.",Type 1 Diabetes
bgrp-d72bb7d10e,dev_fold_1,0,OVERVIEW,N-OVR,,4,,2,1.0,"Кандидат представляет обзоры и научные публикации о тенденциях и перспективах развития финтеха в целом, без конкретизации технологий или решений.",Prospects of Fintech
bgrp-d8c8de6773,holdout,1,WEAK_SIGNAL_RELEVANT,R,,2,,2,1.0,"Конкретизированы epsilon-near-zero метаповерхности, исследования показывают стадии прототипирования и экспериментов, подтверждается независимыми источниками.",epsilon-near-zero metasurface
bgrp-d8d8f40789,dev_fold_2,1,WEAK_SIGNAL_RELEVANT,R,,3,,3,1.0,"Прямо соответствует запросу: квантовые магнитометры на алмазе для навигации в условиях недоступности GPS, подтверждён исследованиями и полевыми испытаниями.",Quantum-assured magnetic navigation
bgrp-d90d98702c,dev_fold_0,0,NOISE,N-NOI,,1,,1,1.0,"Кандидат представляет собой коллекцию навыков bug bounty на GitHub, не связанную с защитой ИИ-систем, и не содержит информации о ранней стадии технологий.",0xN0RMXL BugBountySkills
bgrp-db45a6c296,holdout,0,OFF_TOPIC,N-OFF,,2,,1,1.0,"Кандидат касается микрофлюидных химических реакторов, что не связано с темой малых модульных ядерных реакторов.",ПРОТОЧНЫЙ МИКРОФЛЮИДНЫЙ РЕАКТОР
bgrp-dca96d5d6a,dev_fold_0,0,NOISE,N-OVR,,1,,1,1.0,"Название указывает на реализацию ИИ-систем, но нет связи с безопасностью ИИ, документы — репозитории на GitHub, не отражающие ранних стадий технологий.",Implementing-AI-Systems-Whitepaper
bgrp-dd35fab0e5,dev_fold_1,0,OVERVIEW,N-OFF,,4,,1,1.0,"Кандидат посвящён трансформации корпоративного управления цифровыми активами, а не перспективным решениям в финтехе.",ТРАНСФОРМАЦИЯ КОРПОРАТИВНОГО УПРАВЛЕНИЯ
bgrp-deb3b1f00f,dev_fold_4,1,WEAK_SIGNAL_RELEVANT,R,,2,,3,1.0,"Представлены конкретные исследования по оптимизации глубокого обучения для периферийных устройств, что соответствует признакам раннего сигнала.",Sustainable Deep Learning
bgrp-e112e8ebfb,dev_fold_2,0,OFF_TOPIC,N-OFF,,2,,2,1.0,Алгоритмы оптимизации орбитальных созвездий и обработка сигналов не относятся к квантовым сенсорам для навигации.,POA-QPSO Hybrid Algorithm
bgrp-e2d2fed275,dev_fold_0,0,NOISE,N-NOI,,1,,1,0.9,"Документы представляют собой кодовые репозитории без подтверждений и подробностей реализации, что указывает на шум.",Felix-Zuo factory-takt-simulator
bgrp-e45bd78801,dev_fold_1,0,OVERVIEW,N-OVR,,4,,2,1.0,"Кандидат представляет обзоры и сравнительные исследования криптовалют, что соответствует общей теме финтеха, но не описывает конкретные перспективные решения на ранней стадии.",Evaluation of Cryptocurrencies
bgrp-e4e43555f0,dev_fold_4,0,NOISE,N-NOI,,1,,1,0.9,Ссылки на GitHub-репозитории без детализации технологий edge-вычислений указывают на отсутствие подтверждённой конкретики.,essex580 shielddos
bgrp-e6850fb6ba,holdout,0,OVERVIEW,R,,1,,1,1.0,"Документы рассматривают применение биоугля для захвата углекислого газа, основаны на научных публикациях, отражают ранние этапы исследований и показывают умеренный интерес к теме.",Application of Biochar
bgrp-e6bddd6ce8,holdout,0,OFF_TOPIC,N-OFF,,4,,1,1.0,"Документы касаются поликристаллических материалов и технологий, не связанных с метаматериалами и метаповерхностями, запрос не затрагивается.",Применение поликристаллических
bgrp-e700ffa557,holdout,1,WEAK_SIGNAL_RELEVANT,R,,2,,2,1.0,"Документ описывает конкретную технологию биопечати человеческих нервных тканей с функциональной связностью, подтвержденную научной публикацией 2024 года.",Biomimetic Neural Reconstruction
bgrp-e74641c9b4,dev_fold_1,0,OFF_TOPIC,N-OVR,,4,,2,1.0,"Кандидат представляет обзоры и исследования применения языковых моделей, но не описывает конкретные малые модели для мобильных устройств, находится на поздней стадии внедрения.",языковые модели
bgrp-ea5dcdf7d5,dev_fold_2,0,GENERIC_CONCEPT,N-GEN,,4,,2,1.0,"Кластер охватывает общие темы об искусственном интеллекте, образовании и промышленности, не фокусируясь конкретно на робототехнике и физическом ИИ.",Artificial Intelligence
bgrp-ebf39dab0b,dev_fold_4,0,MATURE,N-OFF,,4,,1,1.0,"Кандидат посвящён архитектуре 5G, но не касается конкретно edge-вычислений или периферийного инференса.",architecture of 5G
bgrp-ec3aae1463,dev_fold_1,0,NOISE,N-NOI,,1,,1,1.0,"Источники — личные репозитории на GitHub, доверия недостаточно для подтверждения ранней стадии перспективного решения.",EduEnroll_smartContract
bgrp-ec8598a8df,dev_fold_3,0,OVERVIEW,N-NOI,,1,,1,0.9,"Отсутствует конкретная технология или продукт, а также независимое подтверждение из-за низкого доверия источника.",Neuromorphic-Computing-Regent-Undergraduate-Research
bgrp-edf028044c,holdout,0,GENERIC_CONCEPT,R,,1,,2,1.0,"Документы содержат конкретные исследования и патенты по метаматериалам и метаповерхностям, опубликованы недавно на высокодоверительных научных площадках.",metamaterials and metasurfaces
bgrp-f1a65d1ba7,dev_fold_4,0,NOISE,N-NOI,,4,,1,1.0,Документы представляют собой коллекцию несвязанных GitHub-проектов без подтверждения связи с edge-вычислениями или инференсом.,KochiyaSanaeNya EdgeSecurityAccess
bgrp-f1efea83e5,dev_fold_1,1,WEAK_SIGNAL_RELEVANT,R,,2,,2,1.0,"Кандидат соответствует всем критериям: документы конкретно про коммуникативные ИИ-агенты для разработки ПО, опубликованы в научных источниках, находятся на ранней стадии развития и демонстрируют растущий интерес.",ChatDev Communicative Agents
bgrp-f3f2c794f8,dev_fold_4,0,OVERVIEW,R,,2,,2,1.0,"Кандидат включает научную публикацию и учебный материал, прямо относящиеся к AI на границе сети 5G, с подтверждением из надёжного источника.",LinkedInLearning ai-for-telecom-network-optimization-and-security-in-5g-edge-systems-5215414
bgrp-f421e1d73e,dev_fold_4,0,NOISE,R,,2,,3,1.0,"Кандидат полностью соответствует критериям: конкретные исследования и разработки CRISPR-терапии, научные публикации и надежные источники подтверждают ранние стадии внедрения технологий.",CRISPR Gene Therapy
bgrp-f483329619,dev_fold_2,0,OVERVIEW,N-GEN,,4,,2,1.0,,robot and neurotechnologies
bgrp-f50416324c,dev_fold_0,0,OFF_TOPIC,N-OFF,,1,,1,1.0,"Документы касаются интеллектуальной системы обработки счетов, что не имеет отношения к инфраструктуре ИИ и дата-центрам.",Ranga-gen-ai ai-invoice-intelligence-engine
bgrp-f507d073ef,dev_fold_3,1,WEAK_SIGNAL_RELEVANT,R,,1,,2,1.0,"Кандидат соответствует всем критериям: тематика нейроморфных чипов, конкретные исследования и патенты, ранние стадии разработки, высокая достоверность источников.",Neuromorphic Chips
bgrp-f5562eaf6d,dev_fold_4,0,GENERIC_CONCEPT,N-OFF,,1,,1,1.0,"Кандидат посвящён большим языковым моделям и био-вдохновлённым материалам, но не синтетической биологии в производстве материалов.",Large Language Models
bgrp-f82ab8e377,holdout,1,WEAK_SIGNAL_RELEVANT,R,,3,,3,1.0,"Документы содержат конкретные исследования и разработки перовскитных солнечных элементов, находятся на ранней стадии внедрения и подтверждены научными публикациями.",perovskite solar cells
bgrp-f969b5560b,dev_fold_4,0,OVERVIEW,R,,1,,2,1.0,"Документы содержат конкретные исследования по материалам анодов и применению натрий-ионных батарей, опубликованы в научных журналах, отражают текущие разработки.",sodium-ion batteries
bgrp-f98120790a,dev_fold_0,1,WEAK_SIGNAL_RELEVANT,U,,1,,1,0.5,"Репозитории связаны с агентами и песочницами, возможно имеют отношение к безопасности, но из предоставленных данных неясно, касаются ли они конкретно защиты ИИ-систем.",katosh agent_sandbox
bgrp-fba341451e,dev_fold_2,0,GENERIC_CONCEPT,R,,1,,2,1.0,"Документы подтверждают исследования квантовых сенсоров для навигации, опубликованы научные статьи на высокодоверенных площадках.",Entanglement-enhanced optomechanical sensing
bgrp-fbc9bb5c44,dev_fold_3,1,WEAK_SIGNAL_RELEVANT,R,,2,,2,1.0,"Кандидат соответствует всем критериям: фотонные вычисления, конкретные системы и методы, научные публикации и патенты подтверждают раннюю стадию развития.",photonic reservoir computing
bgrp-fcd0dde903,dev_fold_3,1,WEAK_SIGNAL_RELEVANT,R,,2,,2,1.0,"Алгоритм цифровой подписи SLH-DSA представляет собой конкретную реализацию постквантовой криптографии, находится на ранней стадии внедрения, подтверждается научной публикацией и имеет открытый код.",Signature Algorithm SLH-DSA
bgrp-fd4d15d193,dev_fold_0,1,WEAK_SIGNAL_RELEVANT,R,,1,,2,1.0,"Кандидат соответствует всем критериям: научные публикации и препринты обсуждают инновационные подходы к охлаждению и энергоэффективности дата-центров для ИИ, технология находится на ранней стадии развития.",Waste-to-Energy-Coupled AI Data
bgrp-fd895f81d6,dev_fold_2,0,GENERIC_CONCEPT,N-OVR,,1,,1,1.0,"Кандидат представляет обзоры и сравнения технологий аккумуляторов, включая твёрдотельные батареи, но не описывает конкретные разработки или стадии внедрения.",omchakunde Advancements-in-Battery-Technology-for-Electric-Vehicles-Solid-State-vs Lithium-Ion-Batteries-
bgrp-fdde33d6f8,dev_fold_1,0,NOISE,N-OFF,,1,,1,1.0,"Документы посвящены автоматизации аудита кибербезопасности через ИИ и экономической роли ИИ, лишь одна работа касается интеллектуального агента для инженерии требований, но не фокусируется на разработке ПО.",Artificial Intelligence Automation
bgrp-ffb1f52312,dev_fold_0,0,OVERVIEW,R,,1,,2,1.0,"Кандидат соответствует всем критериям: темы зелёного водорода в промышленности, конкретные технологии, научные публикации подтверждают раннюю стадию развития и достоверность.",Hydrogen energy future
bweb-humanoid-airport-ground-handling,dev_fold_2,1,WEAK_SIGNAL_RELEVANT,U,,3,,2,0.8,"Упомянут пилотный проект с гуманоидными роботами в аэропорту, что соответствует ранней стадии внедрения, однако доверие источника низкое.",humanoid robots airport ground handling trial
bweb-physical-ai-automotive-production-pilots,dev_fold_2,1,WEAK_SIGNAL_RELEVANT,R,,2,,2,1.0,"Документ описывает конкретные планы внедрения гуманоидных роботов с физическим искусственным интеллектом на производстве BMW, подтверждён отраслевым СМИ.",physical AI humanoid pilots in automotive production
bweb-optimus-million-units-claim,dev_fold_2,0,HYPE,N-HYP,,4,,3,1.0,"Источники корпоративные блоги, информация представлена в форме рейтингов стартапов и планов производства, без технических деталей и независимых подтверждений.",Optimus Gen 3 million units per year factory plans
bweb-agility-spac-valuation,dev_fold_2,0,ROUTINE_FUNDING,N-FUND,,4,,3,1.0,"Информация касается оценки стоимости слияния Agility Robotics через SPAC, без технических подробностей и независимого подтверждения.",Agility Robotics SPAC merger valuation
bweb-humanoid-market-guides,dev_fold_2,0,OVERVIEW,N-OVR,,4,,2,1.0,"Источники — корпоративные блоги с обзорами компаний и спецификациями роботов, без детализации технологий и независимых подтверждений.",humanoid robot companies guide specs prices
bweb-assb-pilot-lines-oem-sampling,dev_fold_2,1,WEAK_SIGNAL_RELEVANT,R,,3,,2,1.0,"Кандидат описывает пилотное производство твёрдотельных аккумуляторов и валидацию образцов автопроизводителями, что соответствует критериям раннего этапа и наличия независимых подтверждений.",all-solid-state battery pilot lines OEM sample validation
bweb-chery-600whkg-claim,dev_fold_2,0,HYPE,R,,2,,2,0.9,"Конкретное достижение — демонстрация ячейки 600 Wh/kg, соответствует запросу, источники подтверждают раннюю стадию разработки.",600 Wh/kg solid-state cell demo 1200 km range
bweb-semi-solid-production-cars,dev_fold_2,0,MATURE,R,,3,,2,0.9,"Упоминание полупроводниковых батарей в серийных электромобилях подтверждает раннюю стадию внедрения, есть независимый источник.",semi-solid battery packs in production EVs
bweb-ssb-company-listicles,dev_fold_2,0,OVERVIEW,N-OVR,,1,,2,0.9,"Обзор компаний, а не конкретная технология или продукт, отсутствует подтверждение из независимых источников.",solid-state battery companies to watch
bgrp-1a11e09912,holdout,,UNCERTAIN,R,,1,,2,1.0,"Кандидат включает научные публикации с конкретными композитными метаматериалами, подтвержденные независимыми источниками, с признаками ранней стадии исследований и растущим интересом.",composite metamaterials
bgrp-287ed2a75d,dev_fold_0,,UNCERTAIN,N-NOI,,1,,2,0.9,Документы представляют собой ссылки на GitHub-репозитории без подтверждений и подробностей о технологиях защиты ИИ-систем.,lulbitz llm-con
bgrp-405108ca3a,dev_fold_1,,UNCERTAIN,N-OFF,,1,,2,1.0,"Документы посвящены инфракрасным органическим полупроводникам и фотодетекторам, но не гибкой и печатной электронике.",Infrared-Detecting Organic Semiconductors
bgrp-46334451be,dev_fold_3,,UNCERTAIN,N-OFF,,2,,1,1.0,"Хотя рассматриваются фотонные схемы, акцент сделан на контроле фазовых сдвигов и материалах, а не на фотонных вычислениях, поэтому тема не совпадает.",ФОТОННЫХ ИНТЕГРАЛЬНЫХ СХЕМ
bgrp-4ceabf00b7,dev_fold_2,,UNCERTAIN,N-OFF,,3,,1,1.0,"Кандидат посвящён цифровым двойникам человека и личности в организационных системах, не связан с энергетикой, и содержит малодостоверный источник.",LifeTwin-LFP-SOH
bgrp-64f0968a27,dev_fold_3,,UNCERTAIN,U,,1,,1,0.6,"Один из двух источников — репозиторий на GitHub с уровнем доверия MEDIUM, что снижает верифицируемость информации.",Affordable-Farm-Maintenance-Robot-for-Small--and-Medium-Scale-Farmers
bgrp-7be08f1280,dev_fold_4,,UNCERTAIN,R,,2,,2,1.0,"Исследования посвящены использованию NFT для управления правами собственности и цифровой идентификацией, находятся на стадии разработки и внедрения новых подходов.",NFTs for ownership
bgrp-82b43d123c,dev_fold_4,,UNCERTAIN,R,,1,,1,1.0,"Статья посвящена новым электрохимическим системам именно для натрий-ионных аккумуляторов, опубликована недавно в научном журнале.",Новые электрохимические системы
bgrp-8baf0bff6b,dev_fold_4,,UNCERTAIN,R,,1,,1,1.0,"Исследования влияния графена и других материалов на характеристики натрий-ионных аккумуляторов подтверждены научными публикациями, относятся к ранней стадии разработок.",графена в натрий-ионных
bgrp-8c4ed12dce,dev_fold_3,,UNCERTAIN,R,,1,,1,1.0,"Соответствует всем критериям: дефект фотонного кристалла для логических элементов, научные публикации, ранняя стадия разработки, проверяемость.",defect photonic crystal
bgrp-a0ef360a9a,dev_fold_4,,UNCERTAIN,R,,3,,2,1.0,"Кандидат охватывает vehicular edge computing, включая научные публикации с конкретикой по latency и privacy-aware resource allocation, подтверждающие раннюю стадию развития технологии.",Vehicular Edge Computing
bgrp-a32ab4ff87,holdout,,UNCERTAIN,R,,1,,2,1.0,"Документы относятся конкретно к малым модульным ядерным реакторам, обсуждают нейтронную оптимизацию топлива и управление отходами, подтверждены научными публикациями 2023–2024 годов.",Nuclear waste attributes
bgrp-af728ee8ec,holdout,,UNCERTAIN,N-OFF,,2,,2,1.0,"Кандидат посвящен технологиям печати орган-на-чип и микрожидкостям, а не непосредственно биопечати тканей и органов, хотя и связан с биотехнологиями.",leggettlab 3D-Printed-Molds-for-Organ-on-a-Chip-and-Fluidics-PDMS-Based-Rapid-and-Accessible-Prototyping
bgrp-b4a8fded69,dev_fold_0,,UNCERTAIN,N-NOI,,1,,2,0.9,"Документы представляют собой наборы репозиториев GitHub без верифицируемых независимых источников, что указывает на отсутствие достаточной достоверности.",manufacturing-rag-pipeline
bgrp-b78e2aa68f,dev_fold_0,,UNCERTAIN,R,,1,,1,1.0,"Кандидат соответствует всем критериям: тема индустриального ИИ, конкретная платформа AI Nano Platform, ранняя стадия развития, наличие научного источника.",AI Nano Platform
bgrp-bb9e65d4b2,dev_fold_4,,UNCERTAIN,R,,1,,2,1.0,"Документы относятся к edge-вычислениям, конкретные научные публикации подтверждают раннюю стадию исследований.",Analysis of Microservice
bgrp-d8717afe9c,holdout,,UNCERTAIN,N-OFF,,1,,1,1.0,"Исследование касается деградации перовскитов под гамма-излучением, что не связано с солнечными элементами.",PEROVSKITES UNDER GAMMA-RAY
bgrp-dc1d2517ab,dev_fold_3,,UNCERTAIN,N-OFF,,1,,1,1.0,"Кандидат посвящён квантовой отжиговой методике для криптоанализа решётчатых криптосистем, а не постквантовой криптографии.",quantum annealing method
bgrp-e96ed3b81f,dev_fold_4,,UNCERTAIN,N-OFF,,1,,1,1.0,"Кандидат касается калибровки лидарных систем вообще, а не конкретно твердотельных лидаров.",КАЛИБРОВКИ ЛИДАРНОЙ СИСТЕМЫ
bgrp-ecf499bc52,dev_fold_3,,UNCERTAIN,N-OFF,,2,,1,1.0,"Хотя документы касаются нейроморфных технологий, они фокусируются на применении в инспекции и сегментации объектов, а не непосредственно на разработке нейроморфных процессоров.",Neuromorphic Vision-Based Inspection
bgrp-efdc454719,dev_fold_4,,UNCERTAIN,R,,1,,2,1.0,"Документы посвящены эффективным периферийным вычислениям, подтверждены научными публикациями, отражают исследовательскую стадию.",Эффективные совместные периферийные
bgrp-f00d7b5447,dev_fold_0,,UNCERTAIN,N-OFF,,1,,2,1.0,"Кандидат касается локальных корпоративных решений ИИ, а не инфраструктуры ИИ и дата-центров.",Retrieval-Grounded Enterprise AI
bweb-consumer-home-humanoids,dev_fold_2,,UNCERTAIN,N-OFF,,4,,1,1.0,Тема домашнего робота-гуманоида не связана с робототехникой и физическим искусственным интеллектом.,consumer home humanoid robots preorders
bweb-ssb-robots-first-market,dev_fold_2,,UNCERTAIN,N-OFF,,2,,1,0.9,"Технология предназначена для роботов и дронов, а не для электротранспорта, несмотря на совпадение темы батарей.",solid-state cells for humanoid robots and drones first
bweb-ssb-pack-assembly-equipment,dev_fold_2,,UNCERTAIN,N-OFF,,1,,1,1.0,"Кандидат посвящён оборудованию для сборки аккумуляторных блоков, а не самим твердотельным аккумуляторам для электротранспорта.",pack assembly equipment for solid-state formats
